지점,지점명,일시,기온(°C),강수량(mm),풍속(m/s),습도(%)
108,서울,2021-10-01 1:00,18.7,,1,85
108,서울,2021-10-01 2:00,18.3,,0.3,89
108,서울,2021-10-01 3:00,17.7,,2,92
108,서울,2021-10-01 4:00,17.4,,1,91
108,서울,2021-10-01 5:00,17.2,,1.3,94
108,서울,2021-10-01 6:00,17,,1.9,94
108,서울,2021-10-01 7:00,17,,0.8,95
108,서울,2021-10-01 8:00,17.5,,3.8,93
108,서울,2021-10-01 9:00,19.8,,2.6,86
108,서울,2021-10-01 10:00,21.4,,3,76
108,서울,2021-10-01 11:00,23,,2.2,70
108,서울,2021-10-01 12:00,24.6,,1.1,65
108,서울,2021-10-01 13:00,26,,1.1,56
108,서울,2021-10-01 14:00,27.2,,2.1,50
108,서울,2021-10-01 15:00,27.2,,3.3,45
108,서울,2021-10-01 16:00,26.9,,2.7,47
108,서울,2021-10-01 17:00,25.7,,2.8,56
108,서울,2021-10-01 18:00,23.9,,3.2,59
108,서울,2021-10-01 19:00,22.5,,2.9,66
108,서울,2021-10-01 20:00,21.8,,2.4,72
108,서울,2021-10-01 21:00,21.5,,3.4,75
108,서울,2021-10-01 22:00,21.4,0,4,79
108,서울,2021-10-01 23:00,17.2,12.7,3.7,88
108,서울,2021-10-02 0:00,17,0.6,2.9,90
108,서울,2021-10-02 1:00,16.6,,1.8,90
108,서울,2021-10-02 2:00,16.8,,0.9,91
108,서울,2021-10-02 3:00,16.6,,0.9,93
108,서울,2021-10-02 4:00,16.7,,1.3,93
108,서울,2021-10-02 5:00,16.5,,1.2,95
108,서울,2021-10-02 6:00,16.6,,1.3,94
108,서울,2021-10-02 7:00,16.9,,0.9,94
108,서울,2021-10-02 8:00,17.5,,1.9,95
108,서울,2021-10-02 9:00,18.8,,1.9,91
108,서울,2021-10-02 10:00,20.9,,0.9,81
108,서울,2021-10-02 11:00,21.7,,0.7,77
108,서울,2021-10-02 12:00,23.5,,1.8,64
108,서울,2021-10-02 13:00,24.2,,2.3,61
108,서울,2021-10-02 14:00,25.7,,2.4,55
108,서울,2021-10-02 15:00,26.2,,2.2,54
108,서울,2021-10-02 16:00,26.1,,3,53
108,서울,2021-10-02 17:00,25.2,,3.1,55
108,서울,2021-10-02 18:00,23.7,,2.2,58
108,서울,2021-10-02 19:00,22.5,,0.7,64
108,서울,2021-10-02 20:00,21.1,,1.6,72
108,서울,2021-10-02 21:00,20.8,,0.3,77
108,서울,2021-10-02 22:00,20.3,,0.7,79
108,서울,2021-10-02 23:00,19.9,,0.7,84
108,서울,2021-10-03 0:00,19.5,,0.7,86
108,서울,2021-10-03 1:00,19.1,,0,89
108,서울,2021-10-03 2:00,18.7,,1,91
108,서울,2021-10-03 3:00,18.1,,1.5,89
108,서울,2021-10-03 4:00,17.7,,2.1,92
108,서울,2021-10-03 5:00,17.4,,2,93
108,서울,2021-10-03 6:00,17.1,,1.4,93
108,서울,2021-10-03 7:00,17.2,,1.8,95
108,서울,2021-10-03 8:00,18,,1.9,94
108,서울,2021-10-03 9:00,19.9,,2,86
108,서울,2021-10-03 10:00,21.8,,2.1,79
108,서울,2021-10-03 11:00,23.8,,1.3,72
108,서울,2021-10-03 12:00,26,,2.6,61
108,서울,2021-10-03 13:00,27.5,,3,54
108,서울,2021-10-03 14:00,28.6,,2.7,47
108,서울,2021-10-03 15:00,28.7,,4.3,43
108,서울,2021-10-03 16:00,27.9,,3.7,40
108,서울,2021-10-03 17:00,26.8,,2.6,44
108,서울,2021-10-03 18:00,25.8,,3.2,49
108,서울,2021-10-03 19:00,24.7,,1.8,52
108,서울,2021-10-03 20:00,23.6,,1.2,58
108,서울,2021-10-03 21:00,22.4,,1.9,64
108,서울,2021-10-03 22:00,21.6,,0.3,65
108,서울,2021-10-03 23:00,20.7,,2.1,69
108,서울,2021-10-04 0:00,20.2,,1.4,71
108,서울,2021-10-04 1:00,19.5,,1.2,74
108,서울,2021-10-04 2:00,19.3,,1.2,76
108,서울,2021-10-04 3:00,19.4,,0.7,77
108,서울,2021-10-04 4:00,19.6,,1,76
108,서울,2021-10-04 5:00,19.9,,1.2,75
108,서울,2021-10-04 6:00,20.2,,1.4,76
108,서울,2021-10-04 7:00,20.3,,1.5,75
108,서울,2021-10-04 8:00,20.7,,1.7,76
108,서울,2021-10-04 9:00,21.3,,1.8,76
108,서울,2021-10-04 10:00,22.1,,1.8,79
108,서울,2021-10-04 11:00,23.4,,2.9,79
108,서울,2021-10-04 12:00,24.3,0,4.5,78
108,서울,2021-10-04 13:00,24.5,0,3.9,80
108,서울,2021-10-04 14:00,25.4,0,4.4,77
108,서울,2021-10-04 15:00,25.5,,5.1,78
108,서울,2021-10-04 16:00,25.4,,3.7,78
108,서울,2021-10-04 17:00,25.3,,5,80
108,서울,2021-10-04 18:00,24.1,2.5,2.8,92
108,서울,2021-10-04 19:00,24,1.1,3.8,89
108,서울,2021-10-04 20:00,23.9,0,4.5,88
108,서울,2021-10-04 21:00,24,0,4.1,87
108,서울,2021-10-04 22:00,24.1,0,3.7,84
108,서울,2021-10-04 23:00,24.1,,3.8,83
108,서울,2021-10-05 0:00,24.1,,3.3,84
108,서울,2021-10-05 1:00,23.9,,3.6,85
108,서울,2021-10-05 2:00,23.7,,3.7,85
108,서울,2021-10-05 3:00,23.5,,2.8,86
108,서울,2021-10-05 4:00,23.3,,2.6,88
108,서울,2021-10-05 5:00,23.2,,3.4,87
108,서울,2021-10-05 6:00,23.2,,4.1,87
108,서울,2021-10-05 7:00,22.9,,2.4,86
108,서울,2021-10-05 8:00,23.3,,2.3,86
108,서울,2021-10-05 9:00,23.6,,3.8,83
108,서울,2021-10-05 10:00,24,,3.7,81
108,서울,2021-10-05 11:00,24.4,,3.3,80
108,서울,2021-10-05 12:00,25.4,,4.8,72
108,서울,2021-10-05 13:00,25.7,,4.7,69
108,서울,2021-10-05 14:00,26.4,,5.6,66
108,서울,2021-10-05 15:00,25.5,,5.3,71
108,서울,2021-10-05 16:00,25.4,,3.8,73
108,서울,2021-10-05 17:00,24.8,,4,74
108,서울,2021-10-05 18:00,23.5,0,2,84
108,서울,2021-10-05 19:00,23.2,0,3.1,88
108,서울,2021-10-05 20:00,22.7,0,2.3,88
108,서울,2021-10-05 21:00,22.5,0,2,88
108,서울,2021-10-05 22:00,22.1,,1.7,89
108,서울,2021-10-05 23:00,22.1,,1.1,90
108,서울,2021-10-06 0:00,21.7,,1,88
108,서울,2021-10-06 1:00,21.5,,0.4,87
108,서울,2021-10-06 2:00,21.2,,1.3,89
108,서울,2021-10-06 3:00,20.3,0,2,88
108,서울,2021-10-06 4:00,19.3,0.3,2.5,94
108,서울,2021-10-06 5:00,18.9,0.5,2.5,95
108,서울,2021-10-06 6:00,18.5,0.7,3,95
108,서울,2021-10-06 7:00,18.2,0.2,3.4,96
108,서울,2021-10-06 8:00,18.1,0.9,2.9,99
108,서울,2021-10-06 9:00,18,1.6,3.6,98
108,서울,2021-10-06 10:00,18,0.8,3.8,98
108,서울,2021-10-06 11:00,18,0.5,3.4,98
108,서울,2021-10-06 12:00,18.2,0.4,3.4,98
108,서울,2021-10-06 13:00,18.4,0.2,3.3,98
108,서울,2021-10-06 14:00,18.4,0.3,2.7,97
108,서울,2021-10-06 15:00,18.6,0,3,96
108,서울,2021-10-06 16:00,19.3,,3.4,93
108,서울,2021-10-06 17:00,19.9,,3.5,87
108,서울,2021-10-06 18:00,19.2,,3.4,87
108,서울,2021-10-06 19:00,18.6,,2.8,88
108,서울,2021-10-06 20:00,18.4,,2.8,86
108,서울,2021-10-06 21:00,18.7,,2.9,86
108,서울,2021-10-06 22:00,18.7,,3.2,84
108,서울,2021-10-06 23:00,18.7,,1.9,84
108,서울,2021-10-07 0:00,18.8,,2.2,84
108,서울,2021-10-07 1:00,18.8,0,1.4,84
108,서울,2021-10-07 2:00,18.8,0,0.9,85
108,서울,2021-10-07 3:00,18.8,0,0.6,86
108,서울,2021-10-07 4:00,18.9,,0.6,86
108,서울,2021-10-07 5:00,18.8,0.3,0.5,88
108,서울,2021-10-07 6:00,18.4,3.6,0.5,95
108,서울,2021-10-07 7:00,18.4,0.5,0.7,95
108,서울,2021-10-07 8:00,18.6,0.2,0.4,95
108,서울,2021-10-07 9:00,19,,0.9,94
108,서울,2021-10-07 10:00,19.7,,0.5,93
108,서울,2021-10-07 11:00,20,0,1.5,89
108,서울,2021-10-07 12:00,20.6,0,1.9,84
108,서울,2021-10-07 13:00,21.3,0,1.2,81
108,서울,2021-10-07 14:00,21.8,,2.6,77
108,서울,2021-10-07 15:00,21.4,,2.9,75
108,서울,2021-10-07 16:00,21.1,,2.5,79
108,서울,2021-10-07 17:00,20.9,,2.3,81
108,서울,2021-10-07 18:00,20.1,,2.3,81
108,서울,2021-10-07 19:00,19.5,,2.6,83
108,서울,2021-10-07 20:00,19.2,,2.1,83
108,서울,2021-10-07 21:00,19,,1.6,84
108,서울,2021-10-07 22:00,18.6,,1.2,82
108,서울,2021-10-07 23:00,18.2,,0.9,82
108,서울,2021-10-08 0:00,17.9,,0.8,85
108,서울,2021-10-08 1:00,17.7,,0.6,87
108,서울,2021-10-08 2:00,17.7,,1.1,87
108,서울,2021-10-08 3:00,17.7,,1.8,88
108,서울,2021-10-08 4:00,17.6,,1.3,89
108,서울,2021-10-08 5:00,17.5,,1.6,90
108,서울,2021-10-08 6:00,17.5,,0.9,90
108,서울,2021-10-08 7:00,17.5,,1.5,91
108,서울,2021-10-08 8:00,17.9,,1.9,91
108,서울,2021-10-08 9:00,18.6,0,2.3,90
108,서울,2021-10-08 10:00,19.2,0,2,90
108,서울,2021-10-08 11:00,19.3,0.5,1.5,92
108,서울,2021-10-08 12:00,19.6,0.5,1.3,92
108,서울,2021-10-08 13:00,19.8,0.8,0.9,92
108,서울,2021-10-08 14:00,20,0.4,1.7,93
108,서울,2021-10-08 15:00,19.8,0.6,1.9,93
108,서울,2021-10-08 16:00,19.7,0.2,1.7,92
108,서울,2021-10-08 17:00,19.6,0.4,1.8,94
108,서울,2021-10-08 18:00,19.3,0.1,1.9,93
108,서울,2021-10-08 19:00,19.1,,2.1,94
108,서울,2021-10-08 20:00,18.8,,2.3,94
108,서울,2021-10-08 21:00,18.7,,2.5,94
108,서울,2021-10-08 22:00,18.7,,2.8,92
108,서울,2021-10-08 23:00,18.8,,2,91
108,서울,2021-10-09 0:00,18.9,,1.6,90
108,서울,2021-10-09 1:00,19,,1.3,89
108,서울,2021-10-09 2:00,18.9,,2.6,89
108,서울,2021-10-09 3:00,18.8,,3,87
108,서울,2021-10-09 4:00,18.6,,2.3,88
108,서울,2021-10-09 5:00,18.6,,2.5,88
108,서울,2021-10-09 6:00,18.8,,2.3,87
108,서울,2021-10-09 7:00,18.8,0,2.7,88
108,서울,2021-10-09 8:00,18.8,0.3,2.5,91
108,서울,2021-10-09 9:00,19.2,0,3.3,90
108,서울,2021-10-09 10:00,20.7,0.1,2.4,85
108,서울,2021-10-09 11:00,21.3,,2.8,80
108,서울,2021-10-09 12:00,22.1,,2.2,79
108,서울,2021-10-09 13:00,22.3,,3.1,77
108,서울,2021-10-09 14:00,22.9,,2.6,76
108,서울,2021-10-09 15:00,23.1,,2.1,76
108,서울,2021-10-09 16:00,23.4,,2.3,75
108,서울,2021-10-09 17:00,24,,2.4,73
108,서울,2021-10-09 18:00,23.1,,2.8,76
108,서울,2021-10-09 19:00,22.2,,2.2,80
108,서울,2021-10-09 20:00,21.7,,2.2,82
108,서울,2021-10-09 21:00,21.3,,2,84
108,서울,2021-10-09 22:00,21.1,,1.9,86
108,서울,2021-10-09 23:00,20.8,,1.4,87
108,서울,2021-10-10 0:00,20.4,,1.3,89
108,서울,2021-10-10 1:00,20.3,,0.9,90
108,서울,2021-10-10 2:00,20.4,,1.2,90
108,서울,2021-10-10 3:00,20.5,,0.7,91
108,서울,2021-10-10 4:00,20.6,,1.1,91
108,서울,2021-10-10 5:00,20.6,,0.9,91
108,서울,2021-10-10 6:00,20.7,,1.2,91
108,서울,2021-10-10 7:00,20.8,0,0.9,91
108,서울,2021-10-10 8:00,21.5,0,1.9,85
108,서울,2021-10-10 9:00,22.5,0,2.8,84
108,서울,2021-10-10 10:00,23.6,,3.3,83
108,서울,2021-10-10 11:00,23.7,0,3.2,82
108,서울,2021-10-10 12:00,24.1,,3.8,81
108,서울,2021-10-10 13:00,21.9,1.9,3.5,90
108,서울,2021-10-10 14:00,21.2,3.9,3.5,95
108,서울,2021-10-10 15:00,20.5,2.7,3.1,95
108,서울,2021-10-10 16:00,20.2,1.7,2.1,95
108,서울,2021-10-10 17:00,19.7,0.1,3.5,94
108,서울,2021-10-10 18:00,19.1,0,2.2,93
108,서울,2021-10-10 19:00,18.2,0,3,90
108,서울,2021-10-10 20:00,17.6,0.4,2,91
108,서울,2021-10-10 21:00,16.6,1,4.1,86
108,서울,2021-10-10 22:00,15.6,0.3,2.3,87
108,서울,2021-10-10 23:00,15.1,1.9,1,89
108,서울,2021-10-11 0:00,14.9,0.3,2.3,91
108,서울,2021-10-11 1:00,14.1,0.1,2.7,87
108,서울,2021-10-11 2:00,13.5,0.1,1.5,83
108,서울,2021-10-11 3:00,13.4,0.1,1.1,88
108,서울,2021-10-11 4:00,13.1,0,1.8,90
108,서울,2021-10-11 5:00,12.9,0,1.8,90
108,서울,2021-10-11 6:00,12.8,0,1.7,90
108,서울,2021-10-11 7:00,12.6,0,1.9,90
108,서울,2021-10-11 8:00,12.8,0,2.2,88
108,서울,2021-10-11 9:00,13.5,,2.5,84
108,서울,2021-10-11 10:00,15,,1.9,75
108,서울,2021-10-11 11:00,15.3,,1.7,74
108,서울,2021-10-11 12:00,16.2,,3,68
108,서울,2021-10-11 13:00,16.5,,3.2,71
108,서울,2021-10-11 14:00,16.6,,1.1,72
108,서울,2021-10-11 15:00,17,,2.4,74
108,서울,2021-10-11 16:00,17.5,,3,71
108,서울,2021-10-11 17:00,17.2,,2.3,71
108,서울,2021-10-11 18:00,16.7,,1.9,73
108,서울,2021-10-11 19:00,16.1,,1.7,76
108,서울,2021-10-11 20:00,15.6,,2.1,78
108,서울,2021-10-11 21:00,16.1,,2.3,76
108,서울,2021-10-11 22:00,16.2,,2.5,76
108,서울,2021-10-11 23:00,16.3,,2.7,76
108,서울,2021-10-12 0:00,16.2,,2.8,76
108,서울,2021-10-12 1:00,16.1,,2.4,76
108,서울,2021-10-12 2:00,15.8,,2.6,77
108,서울,2021-10-12 3:00,15.9,,2.9,77
108,서울,2021-10-12 4:00,15.9,,3,77
108,서울,2021-10-12 5:00,16,,2.9,77
108,서울,2021-10-12 6:00,16,,2.6,78
108,서울,2021-10-12 7:00,16,,3.4,77
108,서울,2021-10-12 8:00,16.4,,3.1,75
108,서울,2021-10-12 9:00,17.4,,3.8,70
108,서울,2021-10-12 10:00,19.7,,4.5,60
108,서울,2021-10-12 11:00,19.7,,5.4,59
108,서울,2021-10-12 12:00,19.4,,4.5,60
108,서울,2021-10-12 13:00,19.7,,4.1,59
108,서울,2021-10-12 14:00,20.7,,3,58
108,서울,2021-10-12 15:00,20.7,,4.5,58
108,서울,2021-10-12 16:00,21.3,,3.6,55
108,서울,2021-10-12 17:00,20,,2.9,57
108,서울,2021-10-12 18:00,19.3,,3.3,59
108,서울,2021-10-12 19:00,18.5,,2.8,61
108,서울,2021-10-12 20:00,18,,2,63
108,서울,2021-10-12 21:00,17.6,,3.6,65
108,서울,2021-10-12 22:00,17.2,,4.1,67
108,서울,2021-10-12 23:00,16.9,,3.1,69
108,서울,2021-10-13 0:00,16.7,,3.3,70
108,서울,2021-10-13 1:00,16.2,,2.6,71
108,서울,2021-10-13 2:00,15.9,,3.1,72
108,서울,2021-10-13 3:00,15.5,,2.6,75
108,서울,2021-10-13 4:00,15.1,,2.7,75
108,서울,2021-10-13 5:00,15,,3.1,75
108,서울,2021-10-13 6:00,15.1,,3.3,74
108,서울,2021-10-13 7:00,14.9,,2.7,75
108,서울,2021-10-13 8:00,15.5,,3,75
108,서울,2021-10-13 9:00,18,,3.6,67
108,서울,2021-10-13 10:00,19.6,,3.2,62
108,서울,2021-10-13 11:00,21.5,,2.6,59
108,서울,2021-10-13 12:00,22.1,,3.6,55
108,서울,2021-10-13 13:00,23.3,,2.7,55
108,서울,2021-10-13 14:00,24,,2.2,52
108,서울,2021-10-13 15:00,24.2,,1.6,55
108,서울,2021-10-13 16:00,25,,2.1,53
108,서울,2021-10-13 17:00,24,,1.7,55
108,서울,2021-10-13 18:00,22.4,,1.8,60
108,서울,2021-10-13 19:00,21.4,,1.4,66
108,서울,2021-10-13 20:00,20.7,,1.1,70
108,서울,2021-10-13 21:00,20.5,,1.3,70
108,서울,2021-10-13 22:00,20.3,,0.8,71
108,서울,2021-10-13 23:00,19.8,,1.3,73
108,서울,2021-10-14 0:00,19.3,,1.3,77
108,서울,2021-10-14 1:00,18.3,,1.3,81
108,서울,2021-10-14 2:00,18.1,,1.3,82
108,서울,2021-10-14 3:00,18,,0.8,83
108,서울,2021-10-14 4:00,18,,1.9,84
108,서울,2021-10-14 5:00,17.9,,1.3,85
108,서울,2021-10-14 6:00,17.7,,1.3,83
108,서울,2021-10-14 7:00,17.4,,2,85
108,서울,2021-10-14 8:00,17.8,,1.8,86
108,서울,2021-10-14 9:00,18.5,,0.4,83
108,서울,2021-10-14 10:00,20,,2,76
108,서울,2021-10-14 11:00,21,,2.2,70
108,서울,2021-10-14 12:00,21.7,,2.5,63
108,서울,2021-10-14 13:00,22.5,,2.3,61
108,서울,2021-10-14 14:00,23.4,,2.8,58
108,서울,2021-10-14 15:00,23.8,,3.5,54
108,서울,2021-10-14 16:00,23.6,,3.7,57
108,서울,2021-10-14 17:00,22.5,,2.8,57
108,서울,2021-10-14 18:00,20.6,,2.7,63
108,서울,2021-10-14 19:00,19.8,,2.7,69
108,서울,2021-10-14 20:00,19.1,,3.4,73
108,서울,2021-10-14 21:00,18.9,,2,78
108,서울,2021-10-14 22:00,18.6,,1.6,79
108,서울,2021-10-14 23:00,18.7,,1.8,82
108,서울,2021-10-15 0:00,18.5,,2.2,82
108,서울,2021-10-15 1:00,18.5,,1.9,81
108,서울,2021-10-15 2:00,18.3,,1.9,82
108,서울,2021-10-15 3:00,18.1,,2.4,82
108,서울,2021-10-15 4:00,17.6,0,2.8,82
108,서울,2021-10-15 5:00,17.3,0,1.6,84
108,서울,2021-10-15 6:00,17.1,0,1.5,85
108,서울,2021-10-15 7:00,17,,1,82
108,서울,2021-10-15 8:00,17.2,0,2,82
108,서울,2021-10-15 9:00,17.7,0,0.9,80
108,서울,2021-10-15 10:00,18.3,0,2.2,75
108,서울,2021-10-15 11:00,18.8,0,1.7,75
108,서울,2021-10-15 12:00,19.6,0,2.4,77
108,서울,2021-10-15 13:00,20.9,,1.9,71
108,서울,2021-10-15 14:00,21.4,,2,68
108,서울,2021-10-15 15:00,21.2,,2.8,69
108,서울,2021-10-15 16:00,20.9,,2.4,68
108,서울,2021-10-15 17:00,20.6,,2.2,69
108,서울,2021-10-15 18:00,20.2,,2.1,70
108,서울,2021-10-15 19:00,20,,1.4,71
108,서울,2021-10-15 20:00,19.9,,2,70
108,서울,2021-10-15 21:00,19.8,,2.3,69
108,서울,2021-10-15 22:00,19.3,,2.8,58
108,서울,2021-10-15 23:00,18.8,0,3.1,63
108,서울,2021-10-16 0:00,18.1,0,3.1,63
108,서울,2021-10-16 1:00,17.5,0,2.8,53
108,서울,2021-10-16 2:00,17,0,3.7,56
108,서울,2021-10-16 3:00,16.4,0,3.5,59
108,서울,2021-10-16 4:00,15.7,,2.6,61
108,서울,2021-10-16 5:00,15.3,,1.8,61
108,서울,2021-10-16 6:00,14.6,,3.1,63
108,서울,2021-10-16 7:00,13.4,,3.2,64
108,서울,2021-10-16 8:00,13.1,,1.6,64
108,서울,2021-10-16 9:00,13.8,,3.3,60
108,서울,2021-10-16 10:00,12.8,,3.1,57
108,서울,2021-10-16 11:00,12.8,,3.1,47
108,서울,2021-10-16 12:00,12.6,,3.9,38
108,서울,2021-10-16 13:00,11.6,,5.3,34
108,서울,2021-10-16 14:00,11,,4.1,32
108,서울,2021-10-16 15:00,10.2,,4.6,32
108,서울,2021-10-16 16:00,9.3,,4.4,35
108,서울,2021-10-16 17:00,8.7,,5,35
108,서울,2021-10-16 18:00,7.9,,5.1,36
108,서울,2021-10-16 19:00,7,,4.1,42
108,서울,2021-10-16 20:00,6.3,,3.6,42
108,서울,2021-10-16 21:00,5.5,,2.7,44
108,서울,2021-10-16 22:00,5,,1.8,46
108,서울,2021-10-16 23:00,4.4,,0.8,47
108,서울,2021-10-17 0:00,4.2,,2.5,48
108,서울,2021-10-17 1:00,3.6,,3.6,47
108,서울,2021-10-17 2:00,3.2,,2.4,46
108,서울,2021-10-17 3:00,2.5,,2.8,46
108,서울,2021-10-17 4:00,2.4,,3.4,45
108,서울,2021-10-17 5:00,2.1,,5.3,45
108,서울,2021-10-17 6:00,1.6,,5.2,47
108,서울,2021-10-17 7:00,1.3,,6.3,44
108,서울,2021-10-17 8:00,1.6,,2.8,42
108,서울,2021-10-17 9:00,2.9,,3.4,39
108,서울,2021-10-17 10:00,5,,2.7,39
108,서울,2021-10-17 11:00,6.1,,2.4,36
108,서울,2021-10-17 12:00,7.9,,2.4,32
108,서울,2021-10-17 13:00,9.1,,3.5,29
108,서울,2021-10-17 14:00,9.8,,3.2,28
108,서울,2021-10-17 15:00,10.6,,2.2,27
108,서울,2021-10-17 16:00,10.5,,3.5,28
108,서울,2021-10-17 17:00,10.3,,2.1,29
108,서울,2021-10-17 18:00,8.5,,1.9,31
108,서울,2021-10-17 19:00,7.6,,2.2,35
108,서울,2021-10-17 20:00,6.8,,1.5,38
108,서울,2021-10-17 21:00,5.8,,1,39
108,서울,2021-10-17 22:00,5.5,,0.6,41
108,서울,2021-10-17 23:00,5,,0.7,39
108,서울,2021-10-18 0:00,4.8,,0.9,38
108,서울,2021-10-18 1:00,4.2,,1.5,48
108,서울,2021-10-18 2:00,3.5,,2.4,47
108,서울,2021-10-18 3:00,3.2,,2.1,53
108,서울,2021-10-18 4:00,3.1,,1.7,56
108,서울,2021-10-18 5:00,2.9,,2.3,58
108,서울,2021-10-18 6:00,3.2,,2.5,55
108,서울,2021-10-18 7:00,3,,2.3,55
108,서울,2021-10-18 8:00,4.3,,2.3,54
108,서울,2021-10-18 9:00,6.8,,2.1,49
108,서울,2021-10-18 10:00,8,,2.3,49
108,서울,2021-10-18 11:00,11,,1.6,45
108,서울,2021-10-18 12:00,12.7,,2.1,41
108,서울,2021-10-18 13:00,15.5,,2.5,44
108,서울,2021-10-18 14:00,15.7,,2.4,44
108,서울,2021-10-18 15:00,15.2,,2.6,48
108,서울,2021-10-18 16:00,14.4,,2.4,55
108,서울,2021-10-18 17:00,14.3,,2.6,56
108,서울,2021-10-18 18:00,14,,1.7,59
108,서울,2021-10-18 19:00,13.8,,2.5,58
108,서울,2021-10-18 20:00,12.3,0.4,2.9,81
108,서울,2021-10-18 21:00,11.5,2.2,1.6,86
108,서울,2021-10-18 22:00,10.7,0.6,2.2,89
108,서울,2021-10-18 23:00,10.4,0,2,91
108,서울,2021-10-19 0:00,10.4,2.4,0.8,92
108,서울,2021-10-19 1:00,10.4,3.1,1.3,94
108,서울,2021-10-19 2:00,10.5,1,1.1,94
108,서울,2021-10-19 3:00,10.6,0.3,0.7,94
108,서울,2021-10-19 4:00,10.4,,1.8,94
108,서울,2021-10-19 5:00,10.5,,1.5,94
108,서울,2021-10-19 6:00,10.5,,1.4,94
108,서울,2021-10-19 7:00,10.3,,0.6,94
108,서울,2021-10-19 8:00,10.7,,0.4,93
108,서울,2021-10-19 9:00,11.4,,1.4,91
108,서울,2021-10-19 10:00,11.7,,2.6,89
108,서울,2021-10-19 11:00,12.1,,4.6,77
108,서울,2021-10-19 12:00,13.4,,3.7,69
108,서울,2021-10-19 13:00,14.5,,3.3,60
108,서울,2021-10-19 14:00,14.4,,3.8,57
108,서울,2021-10-19 15:00,14.1,,4.6,50
108,서울,2021-10-19 16:00,14,,5.4,51
108,서울,2021-10-19 17:00,12.8,,3.9,49
108,서울,2021-10-19 18:00,11.3,,3.1,52
108,서울,2021-10-19 19:00,10.4,,3,55
108,서울,2021-10-19 20:00,9.5,,2.6,60
108,서울,2021-10-19 21:00,8.9,,3.4,63
108,서울,2021-10-19 22:00,8.6,,2.7,63
108,서울,2021-10-19 23:00,7.7,,1.7,67
108,서울,2021-10-20 0:00,7.1,,1,69
108,서울,2021-10-20 1:00,6.6,,0.5,70
108,서울,2021-10-20 2:00,6.2,,1.5,76
108,서울,2021-10-20 3:00,5.8,,0.9,79
108,서울,2021-10-20 4:00,5.4,,0.5,82
108,서울,2021-10-20 5:00,5.1,,1.7,80
108,서울,2021-10-20 6:00,4.8,,1.9,82
108,서울,2021-10-20 7:00,4.8,,1.2,84
108,서울,2021-10-20 8:00,5.2,,2.3,85
108,서울,2021-10-20 9:00,8,,1.6,76
108,서울,2021-10-20 10:00,10.1,,2,69
108,서울,2021-10-20 11:00,12.1,,1.2,58
108,서울,2021-10-20 12:00,13.6,,1.5,53
108,서울,2021-10-20 13:00,15,,2,44
108,서울,2021-10-20 14:00,15.2,,2.5,40
108,서울,2021-10-20 15:00,15.5,,2,38
108,서울,2021-10-20 16:00,15,,2.3,39
108,서울,2021-10-20 17:00,14,,1.9,48
108,서울,2021-10-20 18:00,12.3,,3.2,56
108,서울,2021-10-20 19:00,10.9,,3.1,63
108,서울,2021-10-20 20:00,10.1,,2.2,62
108,서울,2021-10-20 21:00,9.2,,0.6,62
108,서울,2021-10-20 22:00,8.4,,0.4,64
108,서울,2021-10-20 23:00,7.8,,1.4,70
108,서울,2021-10-21 0:00,7,,2.1,73
108,서울,2021-10-21 1:00,6.7,,2.2,73
108,서울,2021-10-21 2:00,6.4,,1.9,76
108,서울,2021-10-21 3:00,6,,1.7,81
108,서울,2021-10-21 4:00,5.7,,0.9,80
108,서울,2021-10-21 5:00,5.6,,1.5,82
108,서울,2021-10-21 6:00,5.4,,1.8,83
108,서울,2021-10-21 7:00,5,,1.6,85
108,서울,2021-10-21 8:00,5.3,,0.7,86
108,서울,2021-10-21 9:00,8,,0.9,77
108,서울,2021-10-21 10:00,9.6,,1,68
108,서울,2021-10-21 11:00,11.2,,1,61
108,서울,2021-10-21 12:00,13.3,,0.7,55
108,서울,2021-10-21 13:00,14.8,,1.1,48
108,서울,2021-10-21 14:00,15.8,,1.1,40
108,서울,2021-10-21 15:00,15.7,,1.6,43
108,서울,2021-10-21 16:00,15.6,,2.1,41
108,서울,2021-10-21 17:00,13.9,,2.4,49
108,서울,2021-10-21 18:00,12.3,,3.6,48
108,서울,2021-10-21 19:00,11.4,,2.4,45
108,서울,2021-10-21 20:00,10.6,,0.6,51
108,서울,2021-10-21 21:00,9.7,,0.5,57
108,서울,2021-10-21 22:00,9.2,,0.3,62
108,서울,2021-10-21 23:00,8.5,,0.8,64
108,서울,2021-10-22 0:00,8,,0.9,69
108,서울,2021-10-22 1:00,7.3,,0.5,73
108,서울,2021-10-22 2:00,6.8,,0.5,76
108,서울,2021-10-22 3:00,6.6,,0.6,76
108,서울,2021-10-22 4:00,6.3,,1.4,77
108,서울,2021-10-22 5:00,6,,0.7,82
108,서울,2021-10-22 6:00,5.5,,1,85
108,서울,2021-10-22 7:00,5.2,,1.7,82
108,서울,2021-10-22 8:00,5.7,,1.9,80
108,서울,2021-10-22 9:00,7.9,,1.9,72
108,서울,2021-10-22 10:00,10.7,,1.5,63
108,서울,2021-10-22 11:00,12.9,,1.5,58
108,서울,2021-10-22 12:00,14.7,,3.1,49
108,서울,2021-10-22 13:00,15.9,,2.9,46
108,서울,2021-10-22 14:00,16.5,,3.1,41
108,서울,2021-10-22 15:00,16.6,,4.9,34
108,서울,2021-10-22 16:00,17.2,,2.6,39
108,서울,2021-10-22 17:00,16.2,,1.9,37
108,서울,2021-10-22 18:00,14.3,,2.2,42
108,서울,2021-10-22 19:00,13.3,,2.5,47
108,서울,2021-10-22 20:00,12.9,,3.9,44
108,서울,2021-10-22 21:00,11.9,,2.2,49
108,서울,2021-10-22 22:00,10.6,,2.3,52
108,서울,2021-10-22 23:00,9.7,,1.6,57
108,서울,2021-10-23 0:00,9.2,,0.9,60
108,서울,2021-10-23 1:00,8.6,,0.3,65
108,서울,2021-10-23 2:00,8.2,,1.1,65
108,서울,2021-10-23 3:00,7.6,,1.6,67
108,서울,2021-10-23 4:00,7.1,,1.3,70
108,서울,2021-10-23 5:00,6.9,,0.6,73
108,서울,2021-10-23 6:00,6.2,,1.6,75
108,서울,2021-10-23 7:00,5.9,,1.2,79
108,서울,2021-10-23 8:00,6.4,,1.3,80
108,서울,2021-10-23 9:00,9.2,,1.1,70
108,서울,2021-10-23 10:00,11.9,,1.5,62
108,서울,2021-10-23 11:00,14,,1.5,54
108,서울,2021-10-23 12:00,16.3,,2.5,43
108,서울,2021-10-23 13:00,17.5,,2.3,34
108,서울,2021-10-23 14:00,18,,2.2,32
108,서울,2021-10-23 15:00,18.3,,2.4,30
108,서울,2021-10-23 16:00,17.5,,2.4,32
108,서울,2021-10-23 17:00,16,,1.7,38
108,서울,2021-10-23 18:00,14,,1.8,47
108,서울,2021-10-23 19:00,12.9,,1.9,51
108,서울,2021-10-23 20:00,11.5,,1.9,57
108,서울,2021-10-23 21:00,10.7,,1.5,59
108,서울,2021-10-23 22:00,9.9,,1.1,64
108,서울,2021-10-23 23:00,9.5,,1.4,65
108,서울,2021-10-24 0:00,9.1,,0.8,67
108,서울,2021-10-24 1:00,8.4,,1.8,69
108,서울,2021-10-24 2:00,7.8,,1.5,73
108,서울,2021-10-24 3:00,7.3,,1.2,78
108,서울,2021-10-24 4:00,6.9,,2.4,80
108,서울,2021-10-24 5:00,6.7,,1.4,82
108,서울,2021-10-24 6:00,6.6,,1.7,82
108,서울,2021-10-24 7:00,6.1,,1.6,83
108,서울,2021-10-24 8:00,6.5,,1.5,84
108,서울,2021-10-24 9:00,9.1,,1.7,71
108,서울,2021-10-24 10:00,11.7,,1.3,61
108,서울,2021-10-24 11:00,13.7,,1.5,55
108,서울,2021-10-24 12:00,15.8,,1.7,47
108,서울,2021-10-24 13:00,16.2,,3.1,43
108,서울,2021-10-24 14:00,16.7,,2.4,44
108,서울,2021-10-24 15:00,17.6,,1.5,38
108,서울,2021-10-24 16:00,17.5,,1.9,44
108,서울,2021-10-24 17:00,16.4,,1.9,49
108,서울,2021-10-24 18:00,14.2,,2.7,55
108,서울,2021-10-24 19:00,13,,1.4,61
108,서울,2021-10-24 20:00,11.8,,1.8,64
108,서울,2021-10-24 21:00,10.8,,1.8,65
108,서울,2021-10-24 22:00,10.3,,1.2,68
108,서울,2021-10-24 23:00,9.8,,0.2,72
108,서울,2021-10-25 0:00,9.4,,2,69
108,서울,2021-10-25 1:00,8.9,,0.6,71
108,서울,2021-10-25 2:00,8.4,,1.8,77
108,서울,2021-10-25 3:00,8,,0.8,79
108,서울,2021-10-25 4:00,7.6,,0.7,81
108,서울,2021-10-25 5:00,7,,1.2,84
108,서울,2021-10-25 6:00,6.7,,0.9,86
108,서울,2021-10-25 7:00,6.4,,0.7,88
108,서울,2021-10-25 8:00,6.7,,1.2,88
108,서울,2021-10-25 9:00,9.5,,1.1,76
108,서울,2021-10-25 10:00,12.2,,0.7,67
108,서울,2021-10-25 11:00,15.1,,1.3,57
108,서울,2021-10-25 12:00,16,,1.3,50
108,서울,2021-10-25 13:00,16.5,,3,49
108,서울,2021-10-25 14:00,17,,2.1,44
108,서울,2021-10-25 15:00,17.2,,2.9,42
108,서울,2021-10-25 16:00,17.3,,2.1,39
108,서울,2021-10-25 17:00,16.3,,1.8,41
108,서울,2021-10-25 18:00,14.3,,1.3,47
108,서울,2021-10-25 19:00,12.9,,1.7,54
108,서울,2021-10-25 20:00,11.8,,1.9,57
108,서울,2021-10-25 21:00,11.4,,1.5,63
108,서울,2021-10-25 22:00,11.1,,1.7,69
108,서울,2021-10-25 23:00,11,,0.6,70
108,서울,2021-10-26 0:00,10.4,,1.3,73
108,서울,2021-10-26 1:00,9.9,,1.5,76
108,서울,2021-10-26 2:00,9.2,,1.8,80
108,서울,2021-10-26 3:00,8.8,,1.4,82
108,서울,2021-10-26 4:00,8.5,,0.8,84
108,서울,2021-10-26 5:00,8.1,,1.7,86
108,서울,2021-10-26 6:00,7.9,,1.7,87
108,서울,2021-10-26 7:00,7.7,,1.6,89
108,서울,2021-10-26 8:00,7.9,,1.5,90
108,서울,2021-10-26 9:00,9.9,,2.2,86
108,서울,2021-10-26 10:00,12.3,,2,75
108,서울,2021-10-26 11:00,14.7,,1.7,67
108,서울,2021-10-26 12:00,17.1,,1.9,56
108,서울,2021-10-26 13:00,17.6,,2,54
108,서울,2021-10-26 14:00,18,,2,53
108,서울,2021-10-26 15:00,18.7,,2.3,50
108,서울,2021-10-26 16:00,18,,2.6,55
108,서울,2021-10-26 17:00,17,,2,60
108,서울,2021-10-26 18:00,15.6,,2.1,70
108,서울,2021-10-26 19:00,14.9,,2.3,75
108,서울,2021-10-26 20:00,14.3,,2.1,76
108,서울,2021-10-26 21:00,13.6,,1.2,79
108,서울,2021-10-26 22:00,13,,0.7,82
108,서울,2021-10-26 23:00,12.5,,1.1,85
108,서울,2021-10-27 0:00,12.4,,0.6,86
108,서울,2021-10-27 1:00,12.2,,0.2,86
108,서울,2021-10-27 2:00,12,,0.1,88
108,서울,2021-10-27 3:00,11.9,,0.7,88
108,서울,2021-10-27 4:00,11.9,0,0.9,88
108,서울,2021-10-27 5:00,11.8,0,1.6,89
108,서울,2021-10-27 6:00,12.4,,1.8,91
108,서울,2021-10-27 7:00,12.6,,1.9,91
108,서울,2021-10-27 8:00,12.2,,2.8,92
108,서울,2021-10-27 9:00,12.4,,2.3,87
108,서울,2021-10-27 10:00,13.4,,3.2,78
108,서울,2021-10-27 11:00,14.6,,3.4,69
108,서울,2021-10-27 12:00,15.5,,3.5,57
108,서울,2021-10-27 13:00,16.3,,3.2,46
108,서울,2021-10-27 14:00,17.3,,3.4,37
108,서울,2021-10-27 15:00,17.8,,2.9,37
108,서울,2021-10-27 16:00,18,,1.9,34
108,서울,2021-10-27 17:00,16.6,,3.8,34
108,서울,2021-10-27 18:00,14.8,,2.1,39
108,서울,2021-10-27 19:00,13.8,,2.1,46
108,서울,2021-10-27 20:00,13.2,,1.7,48
108,서울,2021-10-27 21:00,12.6,,2.1,49
108,서울,2021-10-27 22:00,11.3,,1.3,53
108,서울,2021-10-27 23:00,10.3,,1.7,57
108,서울,2021-10-28 0:00,9.9,,3.1,59
108,서울,2021-10-28 1:00,9.7,,1.5,58
108,서울,2021-10-28 2:00,8.9,,1.5,62
108,서울,2021-10-28 3:00,8.2,,0.5,65
108,서울,2021-10-28 4:00,7.8,,0.4,65
108,서울,2021-10-28 5:00,7.5,,0.9,70
108,서울,2021-10-28 6:00,7.4,,0.9,69
108,서울,2021-10-28 7:00,7.2,,1.1,74
108,서울,2021-10-28 8:00,7.5,,0.4,71
108,서울,2021-10-28 9:00,10.2,,0.6,68
108,서울,2021-10-28 10:00,13.1,,1.1,58
108,서울,2021-10-28 11:00,15,,1.4,49
108,서울,2021-10-28 12:00,16.3,,1.9,43
108,서울,2021-10-28 13:00,17.8,,1.9,36
108,서울,2021-10-28 14:00,18.9,,1.5,32
108,서울,2021-10-28 15:00,19.1,,1.1,32
108,서울,2021-10-28 16:00,19.4,,1.8,32
108,서울,2021-10-28 17:00,18.3,,1.9,37
108,서울,2021-10-28 18:00,15.9,,1.3,45
108,서울,2021-10-28 19:00,14.6,,1,52
108,서울,2021-10-28 20:00,13.5,,0.3,56
108,서울,2021-10-28 21:00,12.5,,1.5,55
108,서울,2021-10-28 22:00,11.9,,1.9,57
108,서울,2021-10-28 23:00,12,,2.7,59
108,서울,2021-10-29 0:00,11.8,,2.5,60
108,서울,2021-10-29 1:00,11.8,,2.5,59
108,서울,2021-10-29 2:00,11.6,,2.6,60
108,서울,2021-10-29 3:00,11.1,,2.3,61
108,서울,2021-10-29 4:00,10.8,,2.6,63
108,서울,2021-10-29 5:00,10.6,,2.2,63
108,서울,2021-10-29 6:00,10.6,,2.9,64
108,서울,2021-10-29 7:00,10.7,,2.5,62
108,서울,2021-10-29 8:00,11.2,,2.6,62
108,서울,2021-10-29 9:00,13.2,,2.8,57
108,서울,2021-10-29 10:00,14.9,,2.3,53
108,서울,2021-10-29 11:00,16.5,,3.4,48
108,서울,2021-10-29 12:00,18.2,,2.4,47
108,서울,2021-10-29 13:00,18.9,,2.2,43
108,서울,2021-10-29 14:00,20,,1.8,40
108,서울,2021-10-29 15:00,20.5,,1.8,39
108,서울,2021-10-29 16:00,20.3,,1.5,37
108,서울,2021-10-29 17:00,18.6,,1.1,41
108,서울,2021-10-29 18:00,16.8,,0.8,52
108,서울,2021-10-29 19:00,15.5,,0.2,55
108,서울,2021-10-29 20:00,14.6,,0.4,60
108,서울,2021-10-29 21:00,13.9,,1.4,60
108,서울,2021-10-29 22:00,13.3,,1.4,63
108,서울,2021-10-29 23:00,12.6,,1.7,66
108,서울,2021-10-30 0:00,12.4,,1.7,67
108,서울,2021-10-30 1:00,12,,1.5,67
108,서울,2021-10-30 2:00,11.6,,1.5,67
108,서울,2021-10-30 3:00,11.5,,1.8,68
108,서울,2021-10-30 4:00,11.5,,2.4,68
108,서울,2021-10-30 5:00,11.2,,2.5,68
108,서울,2021-10-30 6:00,11.1,,2.5,68
108,서울,2021-10-30 7:00,11.1,,3,68
108,서울,2021-10-30 8:00,11.6,,1.7,66
108,서울,2021-10-30 9:00,12.5,,1.8,64
108,서울,2021-10-30 10:00,13.6,,1.4,62
108,서울,2021-10-30 11:00,14.7,,1.7,59
108,서울,2021-10-30 12:00,16.2,,2.2,54
108,서울,2021-10-30 13:00,16.4,,1.2,54
108,서울,2021-10-30 14:00,16.7,,0.8,53
108,서울,2021-10-30 15:00,17.6,,1.3,51
108,서울,2021-10-30 16:00,17.6,,1.1,51
108,서울,2021-10-30 17:00,17.4,,1.5,49
108,서울,2021-10-30 18:00,16.2,,0.5,54
108,서울,2021-10-30 19:00,15.3,,1.6,59
108,서울,2021-10-30 20:00,14.3,,1.3,63
108,서울,2021-10-30 21:00,13.5,,0.9,66
108,서울,2021-10-30 22:00,13,,1.7,70
108,서울,2021-10-30 23:00,12.5,,1.3,70
108,서울,2021-10-31 0:00,11.8,,1.7,74
108,서울,2021-10-31 1:00,11.3,,1.2,77
108,서울,2021-10-31 2:00,11,,1.5,80
108,서울,2021-10-31 3:00,10.6,,1.6,81
108,서울,2021-10-31 4:00,10.1,,1.5,84
108,서울,2021-10-31 5:00,9.9,,1.2,85
108,서울,2021-10-31 6:00,9.6,,1.6,86
108,서울,2021-10-31 7:00,9.2,,1.5,87
108,서울,2021-10-31 8:00,9.9,,2.2,88
108,서울,2021-10-31 9:00,11.8,,1.5,83
108,서울,2021-10-31 10:00,14,,1.2,77
108,서울,2021-10-31 11:00,16.1,,1.1,70
108,서울,2021-10-31 12:00,18,,1.4,58
108,서울,2021-10-31 13:00,18.8,,1.6,53
108,서울,2021-10-31 14:00,19.9,,1.9,50
108,서울,2021-10-31 15:00,19.8,,1,51
108,서울,2021-10-31 16:00,19.5,,2.3,48
108,서울,2021-10-31 17:00,17.6,,2.5,52
108,서울,2021-10-31 18:00,16.4,,2.5,60
108,서울,2021-10-31 19:00,15.7,,1,66
108,서울,2021-10-31 20:00,15.3,,1.3,70
108,서울,2021-10-31 21:00,14.3,0.7,0.3,77
108,서울,2021-10-31 22:00,13.5,,0.6,84
108,서울,2021-10-31 23:00,12.9,,1.7,87
108,서울,2021-11-01 0:00,12.9,,1.7,87
